"","x"
"1","YLR197W"
"2","YOR039W"
"3","YDR473C"
"4","YOR332W"
"5","YER090W"
"6","YDR394W"
"7","YER021W"
"8","YPR029C"
"9","YIL106W"
"10","YKL166C"
"11","YGL026C"
"12","YOR061W"
"13","YGL115W"
"14","YGL049C"
"15","YDL140C"
"16","YLR291C"
"17","YGR158C"
"18","YDR328C"
"19","YOL094C"
"20","YDR460W"
"21","YBR154C"
"22","YOR116C"
"23","YIL062C"
"24","YPR010C"
"25","YER027C"
"26","YPL093W"
"27","YER006W"
"28","YFR052W"
"29","YOR261C"
"30","YHR052W"
"31","YDR280W"
"32","YOR260W"
"33","YMR193W"
"34","YGR162W"
"35","YPR187W"
"36","YDR101C"
"37","YOL041C"
"38","YHR197W"
"39","YBL045C"
"40","YOR207C"
"41","YPL259C"
"42","YLL008W"
"43","YPL043W"
"44","YGL220W"
"45","YOR117W"
"46","YOR310C"
"47","YBL046W"
"48","YNL002C"
"49","YBR126C"
"50","YKL014C"
"51","YCR077C"
"52","YLR208W"
"53","YHR107C"
"54","YPL012W"
"55","YGL237C"
"56","YOR341W"
"57","YPL203W"
"58","YMR049C"
"59","YLR409C"
"60","YMR146C"
"61","YMR061W"
"62","YIL112W"
"63","YJL203W"
"64","YLR222C"
"65","YBR251W"
"66","YDL160C"
"67","YLR370C"
"68","YLL036C"
"69","YBR135W"
"70","YIL021W"
"71","YOL149W"
"72","YOL077C"
"73","YBL056W"
"74","YKL057C"
"75","YGL122C"
"76","YDR448W"
"77","YJL124C"
"78","YJL098W"
"79","YPL126W"
"80","YER112W"
"81","YDL116W"
"82","YDL060W"
"83","YDR228C"
"84","YDL225W"
"85","YFR001W"
"86","YDR127W"
"87","YLR166C"
"88","YBR125C"
"89","YKR081C"
"90","YGL208W"
"91","YDR496C"
"92","YMR205C"
"93","YDR087C"
"94","YNL147W"
"95","YGR145W"
"96","YNL113W"
"97","YFR040W"
"98","YOR326W"
"99","YBR087W"
"100","YNL118C"
"101","YMR309C"
"102","YIR001C"
"103","YER081W"
"104","YER094C"
"105","YLR423C"
"106","YGL123W"
"107","YNL284C"
"108","YML025C"
"109","YOL040C"
"110","YLR015W"
"111","YGR034W"
"112","YHL019C"
"113","YMR188C"
"114","YDL191W"
"115","YFR030W"
"116","YDL136W"
"117","YGR220C"
"118","YNR037C"
"119","YNL056W"
"120","YDR388W"
"121","YOL127W"
"122","YGR086C"
"123","YLR340W"
"124","YFL022C"
"125","YNR012W"
"126","YBL038W"
"127","YNL099C"
"128","YDR041W"
"129","YHL015W"
"130","YML098W"
"131","YDR298C"
"132","YML026C"
"133","YGR264C"
"134","YFR049W"
"135","YDR354W"
"136","YER178W"
"137","YJL063C"
"138","YJR121W"
"139","YKL170W"
"140","YPL183W-A"
"141","YNL071W"
"142","YKL103C"
"143","YBR221C"
"144","YGL112C"
"145","YDR190C"
"146","YJL026W"
"147","YDR116C"
"148","YIL104C"
"149","YAL032C"
"150","YDL185W"
"151","YNR016C"
"152","YNL078W"
"153","YDR091C"
"154","YKL182W"
"155","YGR103W"
"156","YGL019W"
"157","YIL050W"
"158","YOR151C"
"159","YIL125W"
"160","YHR102W"
"161","YJR050W"
"162","YDL097C"
"163","YPR016C"
"164","YBL021C"
"165","YKL145W"
"166","YGR013W"
"167","YFL018C"
"168","YHR005C"
"169","YCL030C"
"170","YER059W"
"171","YBR256C"
"172","YPR051W"
"173","YMR189W"
"174","YOR272W"
"175","YFR004W"
"176","YDL007W"
"177","YDL111C"
"178","YDR301W"
"179","YLR175W"
"180","YKR068C"
"181","YBR055C"
"182","YCL010C"
"183","YHR200W"
"184","YHR069C"
"185","YNL132W"
"186","YAL044C"
"187","YOL058W"
"188","YBL033C"
"189","YBR193C"
"190","YDR158W"
"191","YGR020C"
"192","YOR206W"
"193","YNL061W"
"194","YGR095C"
"195","YGR048W"
"196","YMR290C"
"197","YOR259C"
"198","YBR127C"
"199","YIL116W"
"200","YOR270C"
"201","YHL030W"
"202","YKL067W"
"203","YGR195W"
"204","YGR083C"
"205","YLR347C"
"206","YOR210W"
"207","YPR167C"
"208","YCL017C"
"209","YGL137W"
"210","YJR093C"
"211","YLR170C"
"212","YLR447C"
"213","YDR211W"
"214","YBR216C"
"215","YJL164C"
"216","YNR035C"
"217","YPR108W"
"218","YLR117C"
"219","YGR261C"
"220","YGR091W"
"221","YBL004W"
"222","YDR195W"
"223","YAL016W"
"224","YGR090W"
"225","YBR260C"
"226","YDR240C"
"227","YGL111W"
"228","YER069W"
"229","YJR065C"
"230","YJL138C"
"231","YEL011W"
"232","YNL287W"
"233","YMR125W"
"234","YJR113C"
"235","YNR006W"
"236","YDL126C"
"237","YGL190C"
"238","YPL135W"
"239","YHR216W"
"240","YOL038W"
"241","YER025W"
"242","YOL021C"
"243","YER022W"
"244","YML100W"
"245","YMR261C"
"246","YDR299W"
"247","YDL029W"
"248","YJL109C"
"249","YDL147W"
"250","YDL145C"
"251","YER026C"
"252","YMR314W"
"253","YGR173W"
"254","YDL188C"
"255","YDL031W"
"256","YKR026C"
"257","YGR135W"
"258","YJL088W"
"259","YDR449C"
"260","YMR112C"
"261","YJL074C"
"262","YER082C"
"263","YCR035C"
"264","YPL111W"
"265","YBR079C"
"266","YFR051C"
"267","YOR250C"
"268","YBR208C"
"269","YGR262C"
"270","YKL172W"
"271","YML092C"
"272","YJR007W"
"273","YOR136W"
"274","YKL104C"
"275","YNR003C"
"276","YLR355C"
"277","YDR378C"
"278","YPR110C"
"279","YOR142W"
"280","YCR057C"
"281","YER174C"
"282","YPR104C"
"283","YCR012W"
"284","YBR146W"
"285","YLR025W"
"286","YGL011C"
"287","YKL009W"
"288","YNL330C"
"289","YCR093W"
"290","YER086W"
"291","YKL013C"
"292","YAL029C"
"293","YGR263C"
"294","YBR081C"
"295","YHR203C"
"296","YOR174W"
"297","YLR314C"
"298","YDR324C"
"299","YDL047W"
"300","YGR245C"
"301","YGL009C"
"302","YGL234W"
"303","YER012W"
"304","YIL076W"
"305","YGL195W"
"306","YPL139C"
"307","YDL030W"
"308","YJR076C"
"309","YGL245W"
"310","YHR018C"
"311","YDR342C"
"312","YOR184W"
"313","YOR001W"
"314","YKR060W"
"315","YBR160W"
"316","YBR195C"
"317","YMR239C"
"318","YJR063W"
"319","YBL002W"
"320","YGL068W"
"321","YNL207W"
"322","YPR168W"
"323","YGL120C"
"324","YBR130C"
"325","YKL001C"
"326","YLR129W"
"327","YGL156W"
"328","YPL266W"
"329","YLR432W"
"330","YOR180C"
"331","YBL041W"
"332","YDL014W"
"333","YMR213W"
"334","YBR253W"
"335","YJR042W"
"336","YIL093C"
"337","YKL144C"
"338","YIL078W"
"339","YCR033W"
"340","YDR308C"
"341","YEL054C"
"342","YKL143W"
"343","YPL181W"
"344","YGR186W"
"345","YAL035W"
"346","YNL201C"
"347","YOR056C"
"348","YLR449W"
"349","YEL056W"
"350","YKR069W"
"351","YDR337W"
"352","YDL192W"
"353","YMR199W"
"354","YDR140W"
"355","YOR362C"
"356","YNL333W"
"357","YJL005W"
"358","YNL182C"
"359","YPL211W"
"360","YNL262W"
"361","YPL049C"
"362","YDR385W"
"363","YBR142W"
"364","YDR416W"
"365","YAL021C"
"366","YNL261W"
"367","YKR014C"
"368","YPL204W"
"369","YOR150W"
"370","YML102W"
"371","YER177W"
"372","YMR120C"
"373","YPL256C"
"374","YDR188W"
"375","YNL104C"
"376","YGL022W"
"377","YIL128W"
"378","YER126C"
"379","YER052C"
"380","YGR218W"
"381","YJL042W"
"382","YGL197W"
"383","YGR232W"
"384","YHR166C"
"385","YBR009C"
"386","YDR001C"
"387","YMR308C"
"388","YDR359C"
"389","YGL070C"
"390","YBR010W"
"391","YGR267C"
"392","YJR111C"
"393","YML022W"
"394","YHR033W"
"395","YBR218C"
"396","YDL051W"
"397","YER002W"
"398","YBR060C"
"399","YJR109C"
"400","YER146W"
"401","YLR421C"
"402","YJL001W"
"403","YPR054W"
"404","YOR043W"
"405","YNL124W"
"406","YOR244W"
"407","YOL086C"
"408","YIL079C"
"409","YKR002W"
"410","YPR181C"
"411","YFL038C"
"412","YDR381W"
"413","YPL004C"
"414","YAL003W"
"415","YGR234W"
"416","YOR335C"
"417","YOL090W"
"418","YGL171W"
"419","YOL004W"
"420","YEL002C"
"421","YIL061C"
"422","YDR036C"
"423","YLR438W"
"424","YBL026W"
"425","YJR101W"
"426","YKL056C"
"427","YOR181W"
"428","YPR191W"
"429","YLR002C"
"430","YGL207W"
"431","YOR340C"
"432","YMR012W"
"433","YPL217C"
"434","YCR046C"
"435","YGR240C"
"436","YKL193C"
"437","YCR053W"
"438","YNL290W"
"439","YGR161C"
"440","YDL003W"
"441","YPL195W"
"442","YLR029C"
"443","YER031C"
"444","YJL081C"
"445","YGR155W"
"446","YKL007W"
"447","YMR105C"
"448","YGL241W"
"449","YNL154C"
"450","YNL075W"
"451","YMR116C"
"452","YJL173C"
"453","YGR204W"
"454","YBR254C"
"455","YKR085C"
"456","YPR137W"
"457","YLR352W"
"458","YFL024C"
"459","YDR167W"
"460","YGL099W"
"461","YPL254W"
"462","YPL001W"
"463","YDL134C"
"464","YAL033W"
"465","YHR066W"
"466","YMR128W"
"467","YFR044C"
"468","YJR022W"
"469","YHR170W"
"470","YOR057W"
"471","YDR472W"
"472","YER029C"
"473","YPR023C"
"474","YBL058W"
"475","YBR282W"
"476","YFL002C"
"477","YDR507C"
"478","YMR139W"
"479","YMR108W"
"480","YER093C"
"481","YHR174W"
"482","YER003C"
"483","YKR067W"
"484","YNL236W"
"485","YPR182W"
"486","YOR185C"
"487","YJL080C"
"488","YDR225W"
"489","YGR200C"
"490","YBR272C"
"491","YMR172W"
"492","YCL024W"
"493","YKR006C"
"494","YDR311W"
"495","YPR190C"
"496","YIL033C"
"497","YAR003W"
"498","YLR310C"
"499","YDR300C"
"500","YML091C"
"501","YCL014W"
"502","YDL098C"
"503","YER162C"
"504","YOR204W"
"505","YER155C"
"506","YDR412W"
"507","YMR158W"
"508","YLL011W"
"509","YLR293C"
"510","YPL208W"
"511","YLR127C"
"512","YKL218C"
"513","YBR200W"
"514","YNL085W"
"515","YIL070C"
"516","YAL012W"
"517","YHR196W"
"518","YGR150C"
"519","YOR202W"
"520","YPL074W"
"521","YGL150C"
"522","YML109W"
"523","YOR035C"
"524","YPL013C"
"525","YOR145C"
"526","YBR103W"
"527","YDR427W"
"528","YLL018C"
"529","YBR025C"
"530","YHR114W"
"531","YHR169W"
"532","YIR002C"
"533","YCL009C"
"534","YKL019W"
"535","YOR329C"
"536","YDL132W"
"537","YLR113W"
"538","YDL108W"
"539","YNL138W"
"540","YOL010W"
"541","YAL023C"
"542","YPL086C"
"543","YBR136W"
"544","YGL130W"
"545","YKL099C"
"546","YDL042C"
"547","YMR268C"
"548","YOR106W"
"549","YHR059W"
"550","YER092W"
"551","YHR085W"
"552","YHR086W"
"553","YBR109C"
"554","YKL060C"
"555","YBL039C"
"556","YCL059C"
"557","YOR276W"
"558","YHR119W"
"559","YDL195W"
"560","YEL055C"
"561","YLL034C"
"562","YDR502C"
"563","YIL136W"
"564","YBR143C"
"565","YDR074W"
"566","YNL112W"
"567","YIL063C"
"568","YOR110W"
"569","YLR212C"
"570","YLR229C"
"571","YOL139C"
"572","YDR130C"
"573","YNL189W"
"574","YOL006C"
"575","YNL139C"
"576","YCR020C-A"
"577","YML069W"
"578","YER089C"
"579","YBL003C"
"580","YGL092W"
"581","YML032C"
"582","YOR370C"
"583","YIL126W"
"584","YOR323C"
"585","YDL175C"
"586","YHR030C"
"587","YLR106C"
"588","YNL016W"
"589","YMR229C"
"590","YLR304C"
"591","YHR041C"
"592","YGR270W"
"593","YNL311C"
"594","YBR133C"
"595","YBR017C"
"596","YAR014C"
"597","YHR023W"
"598","YDR049W"
"599","YDR021W"
"600","YLR097C"
"601","YNL312W"
"602","YBL090W"
"603","YDL070W"
"604","YBL007C"
"605","YFL045C"
"606","YLR186W"
"607","YJR104C"
"608","YOR144C"
"609","YNL135C"
"610","YGR040W"
"611","YAR002W"
"612","YPL153C"
"613","YAL025C"
"614","YER008C"
"615","YGL187C"
"616","YMR223W"
"617","YDR480W"
"618","YPR103W"
"619","YGL058W"
"620","YPL009C"
"621","YMR025W"
"622","YNL088W"
"623","YDR071C"
"624","YJR090C"
"625","YMR093W"
"626","YGL008C"
"627","YER127W"
"628","YHR147C"
"629","YIL046W"
"630","YIL068C"
"631","YJR068W"
"632","YGL073W"
"633","YFL044C"
"634","YPL038W"
"635","YNL103W"
"636","YGL254W"
"637","YGL192W"
"638","YDR043C"
"639","YGL071W"
"640","YDR146C"
"641","YDR216W"
"642","YGL013C"
"643","YLR403W"
"644","YBR182C"
"645","YKL112W"
"646","YDR310C"
"647","YNL068C"
"648","YJR060W"
"649","YBR049C"
"650","YNL216W"
"651","YOR028C"
"652","YPL075W"
"653","YMR043W"
"654","YKR099W"
"655","YLR131C"
"656","YDL056W"
"657","YOR372C"
"658","YHR206W"
"659","YKL043W"
"660","YDR259C"
"661","YGL181W"
"662","YHL027W"
"663","YKL032C"
"664","YBL008W"
"665","YER088C"
"666","YMR021C"
"667","YPR065W"
"668","YOR140W"
"669","YEL009C"
"670","YGR044C"
"671","YKL109W"
"672","YDR423C"
"673","YKL185W"
"674","YPL177C"
"675","YMR016C"
"676","YOL116W"
"677","YNL027W"
"678","YMR164C"
"679","YKL038W"
"680","YIL131C"
"681","YOL067C"
"682","YLR013W"
"683","YIR018W"
"684","YPL248C"
"685","YMR182C"
"686","YNL314W"
"687","YOR038C"
"688","YOL108C"
"689","YER169W"
"690","YHR006W"
"691","YLR176C"
"692","YDL106C"
"693","YPL089C"
"694","YIR023W"
"695","YLR451W"
"696","YER111C"
"697","YKL062W"
"698","YLR182W"
"699","YHR084W"
"700","YMR070W"
"701","YML099C"
"702","YOR032C"
"703","YOR358W"
"704","YCR018C"
"705","YNL199C"
"706","YOR077W"
"707","YJL206C"
"708","YJL056C"
"709","YJR127C"
"710","YJL089W"
"711","YDL170W"
"712","YDR463W"
"713","YFR034C"
"714","YDR421W"
"715","YMR042W"
"716","YBL103C"
"717","YCR097W"
"718","YNL309W"
"719","YOL089C"
"720","YER040W"
"721","YML007W"
"722","YOR113W"
"723","YDR277C"
"724","YLR098C"
"725","YDR123C"
"726","YBR240C"
"727","YPL230W"
"728","YKL015W"
"729","YNL167C"
"730","YFL021W"
"731","YGR288W"
"732","YPR178W"
"733","YKL211C"
"734","YKL135C"
"735","YGR092W"
"736","YML010W"
"737","YPR025C"
"738","YDR477W"
"739","YML009C"
"740","YDR098C"
"741","YNL110C"
"742","YDR429C"
"743","YDL043C"
"744","YBR234C"
"745","YPR101W"
"746","YEL015W"
"747","YOL123W"
"748","YGR252W"
"749","YKR028W"
"750","YGL044C"
"751","YJL069C"
"752","YPR055W"
"753","YLR009W"
"754","YDL155W"
"755","YNL244C"
"756","YGR250C"
"757","YIL074C"
"758","YOR157C"
"759","YPL131W"
"760","YDR237W"
"761","YBR031W"
"762","YDR469W"
"763","YJL190C"
"764","YJR137C"
"765","YCR009C"
"766","YDR490C"
"767","YLR060W"
"768","YDR020C"
"769","YNL032W"
"770","YML015C"
"771","YNL306W"
"772","YBR039W"
"773","YGL105W"
"774","YDR148C"
"775","YBL099W"
"776","YOL082W"
"777","YGR193C"
"778","YMR236W"
"779","YDR022C"
"780","YPL235W"
"781","YER070W"
"782","YPL151C"
"783","YIL035C"
"784","YGL062W"
"785","YKR048C"
"786","YLR192C"
"787","YPL231W"
"788","YPL031C"
"789","YKL189W"
"790","YDR176W"
"791","YEL051W"
"792","YKL012W"
"793","YOR212W"
"794","YDR487C"
"795","YEL053C"
"796","YNL317W"
"797","YDR019C"
"798","YOL142W"
"799","YBR170C"
"800","YBR198C"
"801","YML064C"
"802","YPR107C"
"803","YJR145C"
"804","YBR288C"
"805","YER133W"
"806","YGR196C"
"807","YOL140W"
"808","YPR160W"
"809","YDR238C"
"810","YPL178W"
"811","YHL002W"
"812","YLL027W"
"813","YHR058C"
"814","YOR353C"
"815","YPL237W"
"816","YNL169C"
"817","YDR152W"
"818","YBR247C"
"819","YFL008W"
"820","YEL034W"
"821","YKR038C"
"822","YNL037C"
"823","YBR166C"
"824","YJR016C"
"825","YGR104C"
"826","YDR174W"
"827","YDR432W"
"828","YOL135C"
"829","YPR173C"
"830","YGL106W"
"831","YNR010W"
"832","YCR002C"
"833","YGR061C"
"834","YIL094C"
"835","YPR082C"
"836","YHR088W"
"837","YDR343C"
"838","YPR119W"
"839","YPR018W"
"840","YGL233W"
"841","YHR128W"
"842","YGR128C"
"843","YPL010W"
"844","YGL151W"
"845","YJR010W"
"846","YOR014W"
"847","YDR075W"
"848","YDR272W"
"849","YNR052C"
"850","YCL054W"
"851","YLR276C"
"852","YBR267W"
"853","YLR378C"
"854","YDL137W"
"855","YPL220W"
"856","YNR046W"
"857","YFL059W"
"858","YDR364C"
"859","YOR133W"
"860","YBR217W"
"861","YML065W"
"862","YER136W"
"863","YDR099W"
"864","YDR175C"
"865","YCL028W"
"866","YPL227C"
"867","YER171W"
"868","YDL124W"
"869","YHR020W"
"870","YML088W"
"871","YNL248C"
"872","YJL095W"
"873","YLR270W"
"874","YER110C"
"875","YHR099W"
"876","YFL009W"
"877","YGL100W"
"878","YKR024C"
"879","YPL092W"
"880","YMR226C"
"881","YDL066W"
"882","YDL078C"
"883","YKL085W"
"884","YOR217W"
"885","YDR028C"
"886","YDR422C"
"887","YLL022C"
"888","YLL010C"
"889","YOL115W"
"890","YHR098C"
"891","YKL081W"
"892","YLR074C"
"893","YDR097C"
"894","YLR275W"
"895","YDL213C"
"896","YML063W"
"897","YKR059W"
"898","YIL034C"
"899","YHR135C"
"900","YJR002W"
"901","YAR007C"
"902","YBR084W"
"903","YOL005C"
"904","YDR170C"
"905","YJR132W"
"906","YHR062C"
"907","YLR180W"
"908","YHR089C"
"909","YML077W"
"910","YOL051W"
"911","YBR249C"
"912","YOL078W"
"913","YDL182W"
"914","YLR044C"
"915","YGR253C"
"916","YJR074W"
"917","YHR064C"
"918","YJR064W"
"919","YKL028W"
"920","YBR175W"
"921","YBR225W"
"922","YOR158W"
"923","YDR405W"
"924","YDL153C"
"925","YGR075C"
"926","YEL037C"
"927","YDR361C"
"928","YNL172W"
"929","YAL041W"
"930","YLR262C"
"931","YDL002C"
"932","YHR158C"
"933","YER173W"
"934","YHR019C"
"935","YGL060W"
"936","YKL082C"
"937","YLR337C"
"938","YPR112C"
"939","YJR144W"
"940","YDL090C"
"941","YAL036C"
"942","YGL158W"
"943","YGR233C"
"944","YDL095W"
"945","YLR384C"
"946","YDR227W"
"947","YGL212W"
"948","YJL024C"
"949","YOR227W"
"950","YDR179C"
"951","YDR139C"
"952","YKL152C"
"953","YEL022W"
"954","YPL085W"
"955","YJL033W"
"956","YMR028W"
"957","YDL204W"
"958","YLL026W"
"959","YKL095W"
"960","YNL126W"
"961","YLR196W"
"962","YPL161C"
"963","YLR386W"
"964","YOL054W"
"965","YOL070C"
"966","YNL030W"
"967","YGR180C"
"968","YBR264C"
"969","YCR079W"
"970","YFL003C"
"971","YPL140C"
"972","YMR094W"
"973","YIL113W"
"974","YJL187C"
"975","YDL208W"
"976","YNL220W"
"977","YFR011C"
"978","YDR166C"
"979","YLR399C"
"980","YHR016C"
"981","YDR226W"
"982","YBL076C"
"983","YDR023W"
"984","YER107C"
"985","YDL159W"
"986","YJL115W"
"987","YNL023C"
"988","YKL080W"
"989","YPL160W"
"990","YHR051W"
"991","YCR066W"
"992","YDL216C"
"993","YIR034C"
"994","YPL036W"
"995","YLR287C"
"996","YDR156W"
"997","YAL005C"
"998","YAL009W"
"999","YAL010C"
"1000","YAL017W"
"1001","YAL018C"
"1002","YAL022C"
"1003","YAL024C"
"1004","YAL026C"
"1005","YAL028W"
"1006","YAL030W"
"1007","YAL031C"
"1008","YAL034C"
"1009","YAL037W"
"1010","YAL038W"
"1011","YAL040C"
"1012","YAL042W"
"1013","YAL043C"
"1014","YAL043C-A"
"1015","YAL045C"
"1016","YAL053W"
"1017","YAL054C"
"1018","YAL062W"
"1019","YAL063C"
"1020","YAL064C-A"
"1021","YAL064W"
"1022","YAL065C"
"1023","YAL067C"
"1024","YAL068C"
"1025","YAR008W"
"1026","YAR009C"
"1027","YAR018C"
"1028","YAR023C"
"1029","YAR050W"
"1030","YBL001C"
"1031","YBL013W"
"1032","YBL014C"
"1033","YBL016W"
"1034","YBL017C"
"1035","YBL019W"
"1036","YBL022C"
"1037","YBL023C"
"1038","YBL025W"
"1039","YBL027W"
"1040","YBL028C"
"1041","YBL029W"
"1042","YBL030C"
"1043","YBL032W"
"1044","YBL037W"
"1045","YBL042C"
"1046","YBL043W"
"1047","YBL044W"
"1048","YBL057C"
"1049","YBL059C-A"
"1050","YBL072C"
"1051","YBL074C"
"1052","YBL079W"
"1053","YBL080C"
"1054","YBL081W"
"1055","YBL082C"
"1056","YBL083C"
"1057","YBL087C"
"1058","YBL092W"
"1059","YBL093C"
"1060","YBL097W"
"1061","YBL107W-A"
"1062","YBL108W"
"1063","YBL109W"
"1064","YBL111C"
"1065","YBL112C"
"1066","YBL113C"
"1067","YBR002C"
"1068","YBR003W"
"1069","YBR007C"
"1070","YBR008C"
"1071","YBR011C"
"1072","YBR012C"
"1073","YBR013C"
"1074","YBR018C"
"1075","YBR019C"
"1076","YBR020W"
"1077","YBR021W"
"1078","YBR029C"
"1079","YBR030W"
"1080","YBR033W"
"1081","YBR037C"
"1082","YBR038W"
"1083","YBR040W"
"1084","YBR042C"
"1085","YBR043C"
"1086","YBR044C"
"1087","YBR048W"
"1088","YBR051W"
"1089","YBR053C"
"1090","YBR054W"
"1091","YBR057C"
"1092","YBR065C"
"1093","YBR066C"
"1094","YBR068C"
"1095","YBR069C"
"1096","YBR070C"
"1097","YBR071W"
"1098","YBR074W"
"1099","YBR076W"
"1100","YBR077C"
"1101","YBR078W"
"1102","YBR080C"
"1103","YBR082C"
"1104","YBR083W"
"1105","YBR084C-A"
"1106","YBR085W"
"1107","YBR089C-A"
"1108","YBR090C"
"1109","YBR092C"
"1110","YBR095C"
"1111","YBR096W"
"1112","YBR097W"
"1113","YBR099C"
"1114","YBR101C"
"1115","YBR102C"
"1116","YBR104W"
"1117","YBR110W"
"1118","YBR112C"
"1119","YBR114W"
"1120","YBR115C"
"1121","YBR116C"
"1122","YBR117C"
"1123","YBR118W"
"1124","YBR119W"
"1125","YBR138C"
"1126","YBR139W"
"1127","YBR148W"
"1128","YBR156C"
"1129","YBR157C"
"1130","YBR158W"
"1131","YBR159W"
"1132","YBR161W"
"1133","YBR162C"
"1134","YBR162W-A"
"1135","YBR163W"
"1136","YBR167C"
"1137","YBR168W"
"1138","YBR179C"
"1139","YBR180W"
"1140","YBR181C"
"1141","YBR183W"
"1142","YBR188C"
"1143","YBR189W"
"1144","YBR190W"
"1145","YBR191W"
"1146","YBR196C"
"1147","YBR210W"
"1148","YBR211C"
"1149","YBR212W"
"1150","YBR222C"
"1151","YBR224W"
"1152","YBR229C"
"1153","YBR235W"
"1154","YBR236C"
"1155","YBR237W"
"1156","YBR238C"
"1157","YBR243C"
"1158","YBR244W"
"1159","YBR250W"
"1160","YBR255W"
"1161","YBR262C"
"1162","YBR265W"
"1163","YBR266C"
"1164","YBR268W"
"1165","YBR275C"
"1166","YBR281C"
"1167","YBR283C"
"1168","YBR284W"
"1169","YBR295W"
"1170","YCL001W"
"1171","YCL001W-A"
"1172","YCL004W"
"1173","YCL005W"
"1174","YCL011C"
"1175","YCL012W"
"1176","YCL016C"
"1177","YCL018W"
"1178","YCL025C"
"1179","YCL026C-A"
"1180","YCL027W"
"1181","YCL031C"
"1182","YCL034W"
"1183","YCL035C"
"1184","YCL045C"
"1185","YCL046W"
"1186","YCL047C"
"1187","YCL048W"
"1188","YCL049C"
"1189","YCL050C"
"1190","YCL055W"
"1191","YCL056C"
"1192","YCL063W"
"1193","YCL064C"
"1194","YCL065W"
"1195","YCL066W"
"1196","YCL067C"
"1197","YCL074W"
"1198","YCR001W"
"1199","YCR003W"
"1200","YCR017C"
"1201","YCR018C-A"
"1202","YCR019W"
"1203","YCR020W-B"
"1204","YCR021C"
"1205","YCR024C"
"1206","YCR024C-A"
"1207","YCR025C"
"1208","YCR028C"
"1209","YCR032W"
"1210","YCR039C"
"1211","YCR040W"
"1212","YCR041W"
"1213","YCR044C"
"1214","YCR064C"
"1215","YCR065W"
"1216","YCR073C"
"1217","YCR073W-A"
"1218","YCR075C"
"1219","YCR082W"
"1220","YCR089W"
"1221","YCR092C"
"1222","YCR096C"
"1223","YCR098C"
"1224","YCR099C"
"1225","YCR100C"
"1226","YCR102C"
"1227","YCR102W-A"
"1228","YCR105W"
"1229","YCR106W"
"1230","YCR107W"
"1231","YDL010W"
"1232","YDL012C"
"1233","YDL017W"
"1234","YDL018C"
"1235","YDL020C"
"1236","YDL026W"
"1237","YDL028C"
"1238","YDL032W"
"1239","YDL035C"
"1240","YDL037C"
"1241","YDL038C"
"1242","YDL039C"
"1243","YDL044C"
"1244","YDL058W"
"1245","YDL059C"
"1246","YDL061C"
"1247","YDL067C"
"1248","YDL068W"
"1249","YDL071C"
"1250","YDL075W"
"1251","YDL076C"
"1252","YDL082W"
"1253","YDL083C"
"1254","YDL084W"
"1255","YDL101C"
"1256","YDL105W"
"1257","YDL114W"
"1258","YDL115C"
"1259","YDL122W"
"1260","YDL125C"
"1261","YDL127W"
"1262","YDL128W"
"1263","YDL129W"
"1264","YDL130W"
"1265","YDL130W-A"
"1266","YDL133C-A"
"1267","YDL133W"
"1268","YDL141W"
"1269","YDL142C"
"1270","YDL146W"
"1271","YDL148C"
"1272","YDL168W"
"1273","YDL169C"
"1274","YDL171C"
"1275","YDL173W"
"1276","YDL174C"
"1277","YDL178W"
"1278","YDL179W"
"1279","YDL181W"
"1280","YDL184C"
"1281","YDL186W"
"1282","YDL189W"
"1283","YDL190C"
"1284","YDL193W"
"1285","YDL198C"
"1286","YDL206W"
"1287","YDL209C"
"1288","YDL212W"
"1289","YDL214C"
"1290","YDL223C"
"1291","YDL224C"
"1292","YDL226C"
"1293","YDL227C"
"1294","YDL228C"
"1295","YDL229W"
"1296","YDL239C"
"1297","YDL245C"
"1298","YDL246C"
"1299","YDL247W"
"1300","YDR003W"
"1301","YDR008C"
"1302","YDR009W"
"1303","YDR010C"
"1304","YDR011W"
"1305","YDR024W"
"1306","YDR025W"
"1307","YDR027C"
"1308","YDR030C"
"1309","YDR031W"
"1310","YDR033W"
"1311","YDR035W"
"1312","YDR039C"
"1313","YDR042C"
"1314","YDR046C"
"1315","YDR047W"
"1316","YDR048C"
"1317","YDR050C"
"1318","YDR052C"
"1319","YDR054C"
"1320","YDR055W"
"1321","YDR056C"
"1322","YDR057W"
"1323","YDR058C"
"1324","YDR061W"
"1325","YDR064W"
"1326","YDR065W"
"1327","YDR066C"
"1328","YDR077W"
"1329","YDR083W"
"1330","YDR084C"
"1331","YDR086C"
"1332","YDR089W"
"1333","YDR100W"
"1334","YDR102C"
"1335","YDR103W"
"1336","YDR112W"
"1337","YDR113C"
"1338","YDR115W"
"1339","YDR119W"
"1340","YDR129C"
"1341","YDR131C"
"1342","YDR132C"
"1343","YDR133C"
"1344","YDR134C"
"1345","YDR144C"
"1346","YDR145W"
"1347","YDR147W"
"1348","YDR150W"
"1349","YDR151C"
"1350","YDR154C"
"1351","YDR155C"
"1352","YDR157W"
"1353","YDR164C"
"1354","YDR165W"
"1355","YDR171W"
"1356","YDR179W-A"
"1357","YDR180W"
"1358","YDR183W"
"1359","YDR184C"
"1360","YDR186C"
"1361","YDR187C"
"1362","YDR189W"
"1363","YDR194C"
"1364","YDR207C"
"1365","YDR208W"
"1366","YDR210W-C"
"1367","YDR210W-D"
"1368","YDR214W"
"1369","YDR215C"
"1370","YDR223W"
"1371","YDR224C"
"1372","YDR229W"
"1373","YDR233C"
"1374","YDR234W"
"1375","YDR239C"
"1376","YDR241W"
"1377","YDR245W"
"1378","YDR252W"
"1379","YDR257C"
"1380","YDR261C"
"1381","YDR263C"
"1382","YDR278C"
"1383","YDR279W"
"1384","YDR281C"
"1385","YDR282C"
"1386","YDR283C"
"1387","YDR284C"
"1388","YDR285W"
"1389","YDR289C"
"1390","YDR294C"
"1391","YDR295C"
"1392","YDR296W"
"1393","YDR307W"
"1394","YDR309C"
"1395","YDR312W"
"1396","YDR313C"
"1397","YDR316W-A"
"1398","YDR316W-B"
"1399","YDR317W"
"1400","YDR322C-A"
"1401","YDR322W"
"1402","YDR323C"
"1403","YDR325W"
"1404","YDR326C"
"1405","YDR327W"
"1406","YDR329C"
"1407","YDR330W"
"1408","YDR338C"
"1409","YDR339C"
"1410","YDR340W"
"1411","YDR341C"
"1412","YDR345C"
"1413","YDR350C"
"1414","YDR351W"
"1415","YDR363W-A"
"1416","YDR366C"
"1417","YDR368W"
"1418","YDR370C"
"1419","YDR371W"
"1420","YDR372C"
"1421","YDR373W"
"1422","YDR375C"
"1423","YDR376W"
"1424","YDR377W"
"1425","YDR379W"
"1426","YDR380W"
"1427","YDR382W"
"1428","YDR384C"
"1429","YDR389W"
"1430","YDR393W"
"1431","YDR402C"
"1432","YDR403W"
"1433","YDR404C"
"1434","YDR408C"
"1435","YDR409W"
"1436","YDR410C"
"1437","YDR418W"
"1438","YDR420W"
"1439","YDR434W"
"1440","YDR438W"
"1441","YDR441C"
"1442","YDR442W"
"1443","YDR447C"
"1444","YDR450W"
"1445","YDR451C"
"1446","YDR452W"
"1447","YDR461W"
"1448","YDR465C"
"1449","YDR466W"
"1450","YDR470C"
"1451","YDR471W"
"1452","YDR474C"
"1453","YDR494W"
"1454","YDR495C"
"1455","YDR497C"
"1456","YDR500C"
"1457","YDR501W"
"1458","YDR504C"
"1459","YDR505C"
"1460","YDR508C"
"1461","YDR509W"
"1462","YDR510W"
"1463","YDR512C"
"1464","YDR513W"
"1465","YDR514C"
"1466","YDR515W"
"1467","YDR522C"
"1468","YDR523C"
"1469","YDR525W-A"
"1470","YDR526C"
"1471","YDR528W"
"1472","YDR529C"
"1473","YDR533C"
"1474","YDR535C"
"1475","YDR536W"
"1476","YDR541C"
"1477","YDR543C"
"1478","YDR544C"
"1479","YDR545W"
"1480","YEL001C"
"1481","YEL004W"
"1482","YEL005C"
"1483","YEL007W"
"1484","YEL008W"
"1485","YEL012W"
"1486","YEL013W"
"1487","YEL014C"
"1488","YEL016C"
"1489","YEL017C-A"
"1490","YEL017W"
"1491","YEL018W"
"1492","YEL019C"
"1493","YEL023C"
"1494","YEL024W"
"1495","YEL025C"
"1496","YEL027W"
"1497","YEL030W"
"1498","YEL038W"
"1499","YEL039C"
"1500","YEL040W"
"1501","YEL043W"
"1502","YEL044W"
"1503","YEL045C"
"1504","YEL046C"
"1505","YEL047C"
"1506","YEL050C"
"1507","YEL052W"
"1508","YEL061C"
"1509","YEL062W"
"1510","YEL063C"
"1511","YEL066W"
"1512","YEL068C"
"1513","YEL069C"
"1514","YEL070W"
"1515","YEL072W"
"1516","YEL074W"
"1517","YEL075C"
"1518","YEL076C"
"1519","YEL076C-A"
"1520","YEL076W-C"
"1521","YEL077C"
"1522","YER001W"
"1523","YER007C-A"
"1524","YER007W"
"1525","YER011W"
"1526","YER013W"
"1527","YER023W"
"1528","YER028C"
"1529","YER032W"
"1530","YER033C"
"1531","YER034W"
"1532","YER038C"
"1533","YER043C"
"1534","YER044C"
"1535","YER045C"
"1536","YER046W"
"1537","YER048W-A"
"1538","YER055C"
"1539","YER056C-A"
"1540","YER061C"
"1541","YER065C"
"1542","YER071C"
"1543","YER072W"
"1544","YER073W"
"1545","YER074W"
"1546","YER078C"
"1547","YER079W"
"1548","YER083C"
"1549","YER085C"
"1550","YER087C-A"
"1551","YER091C"
"1552","YER091C-A"
"1553","YER095W"
"1554","YER101C"
"1555","YER102W"
"1556","YER103W"
"1557","YER116C"
"1558","YER117W"
"1559","YER124C"
"1560","YER125W"
"1561","YER128W"
"1562","YER129W"
"1563","YER130C"
"1564","YER131W"
"1565","YER137C-A"
"1566","YER138C"
"1567","YER138W-A"
"1568","YER139C"
"1569","YER140W"
"1570","YER142C"
"1571","YER143W"
"1572","YER145C"
"1573","YER152C"
"1574","YER153C"
"1575","YER154W"
"1576","YER156C"
"1577","YER157W"
"1578","YER159C-A"
"1579","YER160C"
"1580","YER168C"
"1581","YER189W"
"1582","YER190W"
"1583","YFL002W-A"
"1584","YFL002W-B"
"1585","YFL004W"
"1586","YFL005W"
"1587","YFL010C"
"1588","YFL010W-A"
"1589","YFL011W"
"1590","YFL013W-A"
"1591","YFL014W"
"1592","YFL015C"
"1593","YFL016C"
"1594","YFL017C"
"1595","YFL017W-A"
"1596","YFL023W"
"1597","YFL026W"
"1598","YFL027C"
"1599","YFL034C-A"
"1600","YFL034W"
"1601","YFL040W"
"1602","YFL047W"
"1603","YFL048C"
"1604","YFL055W"
"1605","YFL056C"
"1606","YFL057C"
"1607","YFL060C"
"1608","YFL062W"
"1609","YFL063W"
"1610","YFL064C"
"1611","YFL065C"
"1612","YFR003C"
"1613","YFR005C"
"1614","YFR006W"
"1615","YFR017C"
"1616","YFR023W"
"1617","YFR031C-A"
"1618","YFR032C"
"1619","YFR032C-A"
"1620","YFR035C"
"1621","YGL001C"
"1622","YGL005C"
"1623","YGL007W"
"1624","YGL021W"
"1625","YGL028C"
"1626","YGL030W"
"1627","YGL031C"
"1628","YGL032C"
"1629","YGL038C"
"1630","YGL059W"
"1631","YGL067W"
"1632","YGL069C"
"1633","YGL072C"
"1634","YGL074C"
"1635","YGL075C"
"1636","YGL079W"
"1637","YGL088W"
"1638","YGL089C"
"1639","YGL093W"
"1640","YGL094C"
"1641","YGL098W"
"1642","YGL103W"
"1643","YGL104C"
"1644","YGL107C"
"1645","YGL108C"
"1646","YGL114W"
"1647","YGL116W"
"1648","YGL119W"
"1649","YGL121C"
"1650","YGL124C"
"1651","YGL133W"
"1652","YGL135W"
"1653","YGL136C"
"1654","YGL138C"
"1655","YGL139W"
"1656","YGL140C"
"1657","YGL141W"
"1658","YGL142C"
"1659","YGL147C"
"1660","YGL152C"
"1661","YGL157W"
"1662","YGL170C"
"1663","YGL179C"
"1664","YGL182C"
"1665","YGL184C"
"1666","YGL186C"
"1667","YGL189C"
"1668","YGL191W"
"1669","YGL193C"
"1670","YGL194C"
"1671","YGL199C"
"1672","YGL201C"
"1673","YGL222C"
"1674","YGL226C-A"
"1675","YGL226W"
"1676","YGL227W"
"1677","YGL228W"
"1678","YGL229C"
"1679","YGL230C"
"1680","YGL231C"
"1681","YGL239C"
"1682","YGL253W"
"1683","YGL255W"
"1684","YGL256W"
"1685","YGL257C"
"1686","YGL259W"
"1687","YGL262W"
"1688","YGR007W"
"1689","YGR014W"
"1690","YGR024C"
"1691","YGR027C"
"1692","YGR032W"
"1693","YGR033C"
"1694","YGR035C"
"1695","YGR038C-A"
"1696","YGR038C-B"
"1697","YGR041W"
"1698","YGR047C"
"1699","YGR050C"
"1700","YGR055W"
"1701","YGR056W"
"1702","YGR059W"
"1703","YGR060W"
"1704","YGR085C"
"1705","YGR098C"
"1706","YGR099W"
"1707","YGR100W"
"1708","YGR106C"
"1709","YGR107W"
"1710","YGR108W"
"1711","YGR109C"
"1712","YGR109W-A"
"1713","YGR109W-B"
"1714","YGR110W"
"1715","YGR117C"
"1716","YGR118W"
"1717","YGR119C"
"1718","YGR120C"
"1719","YGR125W"
"1720","YGR127W"
"1721","YGR129W"
"1722","YGR136W"
"1723","YGR137W"
"1724","YGR140W"
"1725","YGR142W"
"1726","YGR143W"
"1727","YGR144W"
"1728","YGR146C"
"1729","YGR147C"
"1730","YGR148C"
"1731","YGR149W"
"1732","YGR151C"
"1733","YGR152C"
"1734","YGR153W"
"1735","YGR157W"
"1736","YGR166W"
"1737","YGR171C"
"1738","YGR175C"
"1739","YGR176W"
"1740","YGR178C"
"1741","YGR182C"
"1742","YGR183C"
"1743","YGR184C"
"1744","YGR185C"
"1745","YGR187C"
"1746","YGR188C"
"1747","YGR189C"
"1748","YGR192C"
"1749","YGR197C"
"1750","YGR198W"
"1751","YGR199W"
"1752","YGR205W"
"1753","YGR210C"
"1754","YGR211W"
"1755","YGR213C"
"1756","YGR214W"
"1757","YGR215W"
"1758","YGR221C"
"1759","YGR225W"
"1760","YGR229C"
"1761","YGR230W"
"1762","YGR231C"
"1763","YGR238C"
"1764","YGR241C"
"1765","YGR243W"
"1766","YGR249W"
"1767","YGR251W"
"1768","YGR254W"
"1769","YGR256W"
"1770","YGR258C"
"1771","YGR259C"
"1772","YGR260W"
"1773","YGR268C"
"1774","YGR273C"
"1775","YGR277C"
"1776","YGR278W"
"1777","YGR279C"
"1778","YGR282C"
"1779","YGR283C"
"1780","YGR295C"
"1781","YGR296W"
"1782","YHL001W"
"1783","YHL008C"
"1784","YHL012W"
"1785","YHL013C"
"1786","YHL016C"
"1787","YHL023C"
"1788","YHL024W"
"1789","YHL028W"
"1790","YHL029C"
"1791","YHL033C"
"1792","YHL034C"
"1793","YHL039W"
"1794","YHL040C"
"1795","YHL041W"
"1796","YHL042W"
"1797","YHL048W"
"1798","YHL049C"
"1799","YHR001W"
"1800","YHR001W-A"
"1801","YHR004C"
"1802","YHR011W"
"1803","YHR012W"
"1804","YHR021C"
"1805","YHR021W-A"
"1806","YHR026W"
"1807","YHR028C"
"1808","YHR031C"
"1809","YHR032W"
"1810","YHR036W"
"1811","YHR037W"
"1812","YHR039C-A"
"1813","YHR040W"
"1814","YHR047C"
"1815","YHR048W"
"1816","YHR049W"
"1817","YHR053C"
"1818","YHR055C"
"1819","YHR061C"
"1820","YHR063C"
"1821","YHR071W"
"1822","YHR077C"
"1823","YHR078W"
"1824","YHR080C"
"1825","YHR081W"
"1826","YHR082C"
"1827","YHR083W"
"1828","YHR087W"
"1829","YHR090C"
"1830","YHR091C"
"1831","YHR094C"
"1832","YHR095W"
"1833","YHR096C"
"1834","YHR115C"
"1835","YHR116W"
"1836","YHR118C"
"1837","YHR123W"
"1838","YHR129C"
"1839","YHR130C"
"1840","YHR131C"
"1841","YHR132W-A"
"1842","YHR136C"
"1843","YHR137W"
"1844","YHR138C"
"1845","YHR139C"
"1846","YHR139C-A"
"1847","YHR140W"
"1848","YHR141C"
"1849","YHR142W"
"1850","YHR143W"
"1851","YHR145C"
"1852","YHR149C"
"1853","YHR150W"
"1854","YHR151C"
"1855","YHR152W"
"1856","YHR153C"
"1857","YHR154W"
"1858","YHR155W"
"1859","YHR156C"
"1860","YHR157W"
"1861","YHR161C"
"1862","YHR162W"
"1863","YHR165C"
"1864","YHR167W"
"1865","YHR171W"
"1866","YHR179W"
"1867","YHR183W"
"1868","YHR185C"
"1869","YHR193C"
"1870","YHR194W"
"1871","YHR195W"
"1872","YHR199C"
"1873","YHR204W"
"1874","YHR207C"
"1875","YHR208W"
"1876","YHR209W"
"1877","YHR213W"
"1878","YIL009W"
"1879","YIL010W"
"1880","YIL012W"
"1881","YIL013C"
"1882","YIL014W"
"1883","YIL015C-A"
"1884","YIL015W"
"1885","YIL018W"
"1886","YIL019W"
"1887","YIL020C"
"1888","YIL022W"
"1889","YIL023C"
"1890","YIL026C"
"1891","YIL031W"
"1892","YIL032C"
"1893","YIL036W"
"1894","YIL037C"
"1895","YIL040W"
"1896","YIL048W"
"1897","YIL051C"
"1898","YIL064W"
"1899","YIL065C"
"1900","YIL066C"
"1901","YIL069C"
"1902","YIL075C"
"1903","YIL077C"
"1904","YIL082W"
"1905","YIL083C"
"1906","YIL088C"
"1907","YIL097W"
"1908","YIL098C"
"1909","YIL099W"
"1910","YIL102C"
"1911","YIL108W"
"1912","YIL109C"
"1913","YIL110W"
"1914","YIL111W"
"1915","YIL118W"
"1916","YIL119C"
"1917","YIL121W"
"1918","YIL122W"
"1919","YIL123W"
"1920","YIL127C"
"1921","YIL129C"
"1922","YIL132C"
"1923","YIL133C"
"1924","YIL135C"
"1925","YIL137C"
"1926","YIL148W"
"1927","YIL149C"
"1928","YIL158W"
"1929","YIL161W"
"1930","YIL170W"
"1931","YIL171W"
"1932","YIL172C"
"1933","YIL173W"
"1934","YIL174W"
"1935","YIL175W"
"1936","YIL176C"
"1937","YIL177C"
"1938","YIR003W"
"1939","YIR004W"
"1940","YIR010W"
"1941","YIR013C"
"1942","YIR014W"
"1943","YIR017C"
"1944","YIR019C"
"1945","YIR020C"
"1946","YIR020W-B"
"1947","YIR021W"
"1948","YIR022W"
"1949","YIR027C"
"1950","YIR028W"
"1951","YIR031C"
"1952","YIR035C"
"1953","YIR040C"
"1954","YIR041W"
"1955","YJL002C"
"1956","YJL003W"
"1957","YJL004C"
"1958","YJL008C"
"1959","YJL022W"
"1960","YJL023C"
"1961","YJL027C"
"1962","YJL028W"
"1963","YJL029C"
"1964","YJL030W"
"1965","YJL031C"
"1966","YJL034W"
"1967","YJL035C"
"1968","YJL037W"
"1969","YJL038C"
"1970","YJL045W"
"1971","YJL051W"
"1972","YJL055W"
"1973","YJL059W"
"1974","YJL060W"
"1975","YJL062W"
"1976","YJL067W"
"1977","YJL068C"
"1978","YJL071W"
"1979","YJL072C"
"1980","YJL073W"
"1981","YJL075C"
"1982","YJL076W"
"1983","YJL077C"
"1984","YJL078C"
"1985","YJL079C"
"1986","YJL085W"
"1987","YJL086C"
"1988","YJL087C"
"1989","YJL090C"
"1990","YJL092W"
"1991","YJL093C"
"1992","YJL100W"
"1993","YJL101C"
"1994","YJL105W"
"1995","YJL111W"
"1996","YJL116C"
"1997","YJL118W"
"1998","YJL121C"
"1999","YJL134W"
"2000","YJL135W"
"2001","YJL136C"
"2002","YJL145W"
"2003","YJL148W"
"2004","YJL156C"
"2005","YJL158C"
"2006","YJL159W"
"2007","YJL160C"
"2008","YJL161W"
"2009","YJL162C"
"2010","YJL167W"
"2011","YJL168C"
"2012","YJL171C"
"2013","YJL172W"
"2014","YJL174W"
"2015","YJL175W"
"2016","YJL176C"
"2017","YJL177W"
"2018","YJL178C"
"2019","YJL183W"
"2020","YJL184W"
"2021","YJL185C"
"2022","YJL186W"
"2023","YJL188C"
"2024","YJL189W"
"2025","YJL191W"
"2026","YJL192C"
"2027","YJL194W"
"2028","YJL196C"
"2029","YJL200C"
"2030","YJL204C"
"2031","YJL209W"
"2032","YJL210W"
"2033","YJL211C"
"2034","YJL212C"
"2035","YJL216C"
"2036","YJL217W"
"2037","YJL218W"
"2038","YJL219W"
"2039","YJL221C"
"2040","YJL225C"
"2041","YJR003C"
"2042","YJR004C"
"2043","YJR005W"
"2044","YJR009C"
"2045","YJR011C"
"2046","YJR025C"
"2047","YJR026W"
"2048","YJR027W"
"2049","YJR028W"
"2050","YJR029W"
"2051","YJR030C"
"2052","YJR038C"
"2053","YJR040W"
"2054","YJR041C"
"2055","YJR044C"
"2056","YJR045C"
"2057","YJR046W"
"2058","YJR049C"
"2059","YJR054W"
"2060","YJR058C"
"2061","YJR059W"
"2062","YJR061W"
"2063","YJR067C"
"2064","YJR077C"
"2065","YJR078W"
"2066","YJR079W"
"2067","YJR082C"
"2068","YJR091C"
"2069","YJR092W"
"2070","YJR094C"
"2071","YJR094W-A"
"2072","YJR098C"
"2073","YJR099W"
"2074","YJR100C"
"2075","YJR102C"
"2076","YJR103W"
"2077","YJR105W"
"2078","YJR110W"
"2079","YJR112W"
"2080","YJR116W"
"2081","YJR123W"
"2082","YJR135C"
"2083","YJR138W"
"2084","YJR139C"
"2085","YJR146W"
"2086","YJR147W"
"2087","YJR148W"
"2088","YJR149W"
"2089","YJR150C"
"2090","YJR158W"
"2091","YJR159W"
"2092","YJR160C"
"2093","YJR161C"
"2094","YKL004W"
"2095","YKL005C"
"2096","YKL006C-A"
"2097","YKL006W"
"2098","YKL008C"
"2099","YKL016C"
"2100","YKL020C"
"2101","YKL029C"
"2102","YKL033W"
"2103","YKL039W"
"2104","YKL040C"
"2105","YKL044W"
"2106","YKL049C"
"2107","YKL051W"
"2108","YKL052C"
"2109","YKL058W"
"2110","YKL059C"
"2111","YKL063C"
"2112","YKL071W"
"2113","YKL072W"
"2114","YKL084W"
"2115","YKL086W"
"2116","YKL087C"
"2117","YKL096W"
"2118","YKL096W-A"
"2119","YKL097C"
"2120","YKL101W"
"2121","YKL102C"
"2122","YKL106W"
"2123","YKL107W"
"2124","YKL110C"
"2125","YKL113C"
"2126","YKL118W"
"2127","YKL120W"
"2128","YKL132C"
"2129","YKL142W"
"2130","YKL146W"
"2131","YKL148C"
"2132","YKL150W"
"2133","YKL151C"
"2134","YKL154W"
"2135","YKL155C"
"2136","YKL156W"
"2137","YKL157W"
"2138","YKL161C"
"2139","YKL163W"
"2140","YKL164C"
"2141","YKL167C"
"2142","YKL175W"
"2143","YKL176C"
"2144","YKL177W"
"2145","YKL178C"
"2146","YKL179C"
"2147","YKL180W"
"2148","YKL186C"
"2149","YKL190W"
"2150","YKL191W"
"2151","YKL192C"
"2152","YKL195W"
"2153","YKL196C"
"2154","YKL197C"
"2155","YKL201C"
"2156","YKL202W"
"2157","YKL203C"
"2158","YKL209C"
"2159","YKL214C"
"2160","YKL217W"
"2161","YKR010C"
"2162","YKR011C"
"2163","YKR013W"
"2164","YKR027W"
"2165","YKR029C"
"2166","YKR030W"
"2167","YKR033C"
"2168","YKR035W-A"
"2169","YKR039W"
"2170","YKR040C"
"2171","YKR042W"
"2172","YKR043C"
"2173","YKR044W"
"2174","YKR045C"
"2175","YKR052C"
"2176","YKR054C"
"2177","YKR055W"
"2178","YKR056W"
"2179","YKR057W"
"2180","YKR062W"
"2181","YKR066C"
"2182","YKR071C"
"2183","YKR075C"
"2184","YKR079C"
"2185","YKR080W"
"2186","YKR082W"
"2187","YKR084C"
"2188","YKR091W"
"2189","YKR093W"
"2190","YKR094C"
"2191","YKR095W"
"2192","YKR097W"
"2193","YKR098C"
"2194","YKR102W"
"2195","YKR103W"
"2196","YKR105C"
"2197","YKR106W"
"2198","YLL004W"
"2199","YLL005C"
"2200","YLL006W"
"2201","YLL007C"
"2202","YLL009C"
"2203","YLL017W"
"2204","YLL018C-A"
"2205","YLL019C"
"2206","YLL020C"
"2207","YLL024C"
"2208","YLL028W"
"2209","YLL032C"
"2210","YLL033W"
"2211","YLL037W"
"2212","YLL039C"
"2213","YLL040C"
"2214","YLL041C"
"2215","YLL043W"
"2216","YLL045C"
"2217","YLL052C"
"2218","YLL053C"
"2219","YLL054C"
"2220","YLL055W"
"2221","YLL056C"
"2222","YLL060C"
"2223","YLL061W"
"2224","YLL062C"
"2225","YLL063C"
"2226","YLL065W"
"2227","YLL066C"
"2228","YLL067C"
"2229","YLR001C"
"2230","YLR012C"
"2231","YLR016C"
"2232","YLR017W"
"2233","YLR024C"
"2234","YLR030W"
"2235","YLR031W"
"2236","YLR034C"
"2237","YLR035C"
"2238","YLR035C-A"
"2239","YLR038C"
"2240","YLR047C"
"2241","YLR048W"
"2242","YLR049C"
"2243","YLR055C"
"2244","YLR056W"
"2245","YLR058C"
"2246","YLR061W"
"2247","YLR062C"
"2248","YLR063W"
"2249","YLR065C"
"2250","YLR066W"
"2251","YLR075W"
"2252","YLR078C"
"2253","YLR079W"
"2254","YLR081W"
"2255","YLR082C"
"2256","YLR084C"
"2257","YLR092W"
"2258","YLR094C"
"2259","YLR095C"
"2260","YLR096W"
"2261","YLR103C"
"2262","YLR104W"
"2263","YLR105C"
"2264","YLR108C"
"2265","YLR109W"
"2266","YLR110C"
"2267","YLR111W"
"2268","YLR112W"
"2269","YLR121C"
"2270","YLR130C"
"2271","YLR139C"
"2272","YLR142W"
"2273","YLR152C"
"2274","YLR154C"
"2275","YLR167W"
"2276","YLR168C"
"2277","YLR169W"
"2278","YLR171W"
"2279","YLR174W"
"2280","YLR179C"
"2281","YLR183C"
"2282","YLR184W"
"2283","YLR185W"
"2284","YLR189C"
"2285","YLR190W"
"2286","YLR194C"
"2287","YLR207W"
"2288","YLR209C"
"2289","YLR210W"
"2290","YLR213C"
"2291","YLR214W"
"2292","YLR216C"
"2293","YLR220W"
"2294","YLR223C"
"2295","YLR224W"
"2296","YLR228C"
"2297","YLR242C"
"2298","YLR243W"
"2299","YLR255C"
"2300","YLR256W"
"2301","YLR256W-A"
"2302","YLR257W"
"2303","YLR261C"
"2304","YLR264W"
"2305","YLR266C"
"2306","YLR267W"
"2307","YLR273C"
"2308","YLR274W"
"2309","YLR277C"
"2310","YLR286C"
"2311","YLR287C-A"
"2312","YLR294C"
"2313","YLR295C"
"2314","YLR296W"
"2315","YLR300W"
"2316","YLR313C"
"2317","YLR325C"
"2318","YLR326W"
"2319","YLR330W"
"2320","YLR332W"
"2321","YLR333C"
"2322","YLR342W"
"2323","YLR343W"
"2324","YLR344W"
"2325","YLR346C"
"2326","YLR353W"
"2327","YLR356W"
"2328","YLR358C"
"2329","YLR359W"
"2330","YLR363C"
"2331","YLR364W"
"2332","YLR367W"
"2333","YLR369W"
"2334","YLR374C"
"2335","YLR380W"
"2336","YLR387C"
"2337","YLR388W"
"2338","YLR389C"
"2339","YLR390W"
"2340","YLR390W-A"
"2341","YLR392C"
"2342","YLR393W"
"2343","YLR394W"
"2344","YLR395C"
"2345","YLR396C"
"2346","YLR397C"
"2347","YLR400W"
"2348","YLR406C"
"2349","YLR407W"
"2350","YLR408C"
"2351","YLR410W"
"2352","YLR410W-A"
"2353","YLR410W-B"
"2354","YLR413W"
"2355","YLR428C"
"2356","YLR430W"
"2357","YLR433C"
"2358","YLR434C"
"2359","YLR437C"
"2360","YLR438C-A"
"2361","YLR439W"
"2362","YLR441C"
"2363","YLR448W"
"2364","YLR452C"
"2365","YLR460C"
"2366","YLR462W"
"2367","YLR463C"
"2368","YLR464W"
"2369","YLR465C"
"2370","YLR466W"
"2371","YLR467W"
"2372","YML001W"
"2373","YML008C"
"2374","YML012W"
"2375","YML013C-A"
"2376","YML024W"
"2377","YML027W"
"2378","YML028W"
"2379","YML045W"
"2380","YML045W-A"
"2381","YML050W"
"2382","YML051W"
"2383","YML052W"
"2384","YML053C"
"2385","YML055W"
"2386","YML056C"
"2387","YML066C"
"2388","YML073C"
"2389","YML081C-A"
"2390","YML081W"
"2391","YML082W"
"2392","YML083C"
"2393","YML089C"
"2394","YML101C"
"2395","YML102C-A"
"2396","YML111W"
"2397","YML115C"
"2398","YML116W"
"2399","YML119W"
"2400","YML120C"
"2401","YML125C"
"2402","YML129C"
"2403","YML130C"
"2404","YML131W"
"2405","YML132W"
"2406","YML133C"
"2407","YMR001C"
"2408","YMR002W"
"2409","YMR005W"
"2410","YMR011W"
"2411","YMR013C"
"2412","YMR014W"
"2413","YMR015C"
"2414","YMR017W"
"2415","YMR018W"
"2416","YMR019W"
"2417","YMR020W"
"2418","YMR033W"
"2419","YMR038C"
"2420","YMR039C"
"2421","YMR040W"
"2422","YMR052W"
"2423","YMR055C"
"2424","YMR056C"
"2425","YMR060C"
"2426","YMR062C"
"2427","YMR063W"
"2428","YMR065W"
"2429","YMR071C"
"2430","YMR072W"
"2431","YMR076C"
"2432","YMR078C"
"2433","YMR079W"
"2434","YMR081C"
"2435","YMR082C"
"2436","YMR084W"
"2437","YMR086W"
"2438","YMR092C"
"2439","YMR098C"
"2440","YMR106C"
"2441","YMR117C"
"2442","YMR121C"
"2443","YMR122W-A"
"2444","YMR126C"
"2445","YMR129W"
"2446","YMR131C"
"2447","YMR134W"
"2448","YMR135C"
"2449","YMR135W-A"
"2450","YMR136W"
"2451","YMR137C"
"2452","YMR138W"
"2453","YMR142C"
"2454","YMR143W"
"2455","YMR144W"
"2456","YMR165C"
"2457","YMR172C-A"
"2458","YMR173W"
"2459","YMR173W-A"
"2460","YMR177W"
"2461","YMR179W"
"2462","YMR183C"
"2463","YMR184W"
"2464","YMR186W"
"2465","YMR187C"
"2466","YMR190C"
"2467","YMR191W"
"2468","YMR194C-A"
"2469","YMR194W"
"2470","YMR195W"
"2471","YMR197C"
"2472","YMR198W"
"2473","YMR200W"
"2474","YMR214W"
"2475","YMR215W"
"2476","YMR221C"
"2477","YMR230W"
"2478","YMR238W"
"2479","YMR240C"
"2480","YMR241W"
"2481","YMR242C"
"2482","YMR243C"
"2483","YMR244C-A"
"2484","YMR244W"
"2485","YMR246W"
"2486","YMR251W-A"
"2487","YMR253C"
"2488","YMR256C"
"2489","YMR257C"
"2490","YMR258C"
"2491","YMR260C"
"2492","YMR262W"
"2493","YMR267W"
"2494","YMR272C"
"2495","YMR279C"
"2496","YMR280C"
"2497","YMR281W"
"2498","YMR283C"
"2499","YMR296C"
"2500","YMR297W"
"2501","YMR300C"
"2502","YMR304C-A"
"2503","YMR305C"
"2504","YMR306C-A"
"2505","YMR306W"
"2506","YMR307W"
"2507","YMR319C"
"2508","YMR320W"
"2509","YMR324C"
"2510","YMR325W"
"2511","YNL003C"
"2512","YNL006W"
"2513","YNL007C"
"2514","YNL008C"
"2515","YNL009W"
"2516","YNL014W"
"2517","YNL017C"
"2518","YNL025C"
"2519","YNL028W"
"2520","YNL029C"
"2521","YNL031C"
"2522","YNL036W"
"2523","YNL043C"
"2524","YNL044W"
"2525","YNL050C"
"2526","YNL052W"
"2527","YNL053W"
"2528","YNL057W"
"2529","YNL058C"
"2530","YNL059C"
"2531","YNL063W"
"2532","YNL064C"
"2533","YNL067W"
"2534","YNL069C"
"2535","YNL070W"
"2536","YNL077W"
"2537","YNL081C"
"2538","YNL087W"
"2539","YNL090W"
"2540","YNL091W"
"2541","YNL094W"
"2542","YNL095C"
"2543","YNL096C"
"2544","YNL111C"
"2545","YNL115C"
"2546","YNL116W"
"2547","YNL117W"
"2548","YNL119W"
"2549","YNL121C"
"2550","YNL125C"
"2551","YNL134C"
"2552","YNL144C"
"2553","YNL145W"
"2554","YNL146W"
"2555","YNL149C"
"2556","YNL152W"
"2557","YNL153C"
"2558","YNL161W"
"2559","YNL162W"
"2560","YNL163C"
"2561","YNL168C"
"2562","YNL170W"
"2563","YNL171C"
"2564","YNL173C"
"2565","YNL178W"
"2566","YNL179C"
"2567","YNL180C"
"2568","YNL183C"
"2569","YNL192W"
"2570","YNL202W"
"2571","YNL203C"
"2572","YNL204C"
"2573","YNL205C"
"2574","YNL206C"
"2575","YNL212W"
"2576","YNL213C"
"2577","YNL231C"
"2578","YNL238W"
"2579","YNL241C"
"2580","YNL250W"
"2581","YNL251C"
"2582","YNL253W"
"2583","YNL254C"
"2584","YNL255C"
"2585","YNL258C"
"2586","YNL263C"
"2587","YNL267W"
"2588","YNL269W"
"2589","YNL271C"
"2590","YNL273W"
"2591","YNL274C"
"2592","YNL277W"
"2593","YNL279W"
"2594","YNL280C"
"2595","YNL281W"
"2596","YNL282W"
"2597","YNL283C"
"2598","YNL289W"
"2599","YNL295W"
"2600","YNL297C"
"2601","YNL298W"
"2602","YNL300W"
"2603","YNL301C"
"2604","YNL302C"
"2605","YNL307C"
"2606","YNL313C"
"2607","YNL318C"
"2608","YNL321W"
"2609","YNL322C"
"2610","YNL327W"
"2611","YNL328C"
"2612","YNL329C"
"2613","YNL336W"
"2614","YNL337W"
"2615","YNL338W"
"2616","YNL339C"
"2617","YNR009W"
"2618","YNR011C"
"2619","YNR018W"
"2620","YNR028W"
"2621","YNR029C"
"2622","YNR030W"
"2623","YNR038W"
"2624","YNR039C"
"2625","YNR040W"
"2626","YNR044W"
"2627","YNR050C"
"2628","YNR062C"
"2629","YNR063W"
"2630","YNR067C"
"2631","YNR068C"
"2632","YNR070W"
"2633","YNR071C"
"2634","YNR072W"
"2635","YOL007C"
"2636","YOL011W"
"2637","YOL012C"
"2638","YOL019W"
"2639","YOL022C"
"2640","YOL023W"
"2641","YOL030W"
"2642","YOL031C"
"2643","YOL036W"
"2644","YOL039W"
"2645","YOL048C"
"2646","YOL049W"
"2647","YOL050C"
"2648","YOL052C-A"
"2649","YOL056W"
"2650","YOL059W"
"2651","YOL060C"
"2652","YOL064C"
"2653","YOL068C"
"2654","YOL075C"
"2655","YOL076W"
"2656","YOL077W-A"
"2657","YOL080C"
"2658","YOL081W"
"2659","YOL084W"
"2660","YOL085C"
"2661","YOL091W"
"2662","YOL102C"
"2663","YOL103W"
"2664","YOL105C"
"2665","YOL109W"
"2666","YOL113W"
"2667","YOL114C"
"2668","YOL119C"
"2669","YOL120C"
"2670","YOL121C"
"2671","YOL125W"
"2672","YOL126C"
"2673","YOL128C"
"2674","YOL136C"
"2675","YOL144W"
"2676","YOL145C"
"2677","YOL148C"
"2678","YOL151W"
"2679","YOL152W"
"2680","YOL154W"
"2681","YOL155C"
"2682","YOL156W"
"2683","YOL157C"
"2684","YOL158C"
"2685","YOL159C"
"2686","YOL160W"
"2687","YOL166C"
"2688","YOR019W"
"2689","YOR023C"
"2690","YOR024W"
"2691","YOR025W"
"2692","YOR029W"
"2693","YOR045W"
"2694","YOR047C"
"2695","YOR049C"
"2696","YOR058C"
"2697","YOR064C"
"2698","YOR065W"
"2699","YOR066W"
"2700","YOR073W"
"2701","YOR074C"
"2702","YOR075W"
"2703","YOR092W"
"2704","YOR095C"
"2705","YOR096W"
"2706","YOR100C"
"2707","YOR101W"
"2708","YOR102W"
"2709","YOR107W"
"2710","YOR108W"
"2711","YOR128C"
"2712","YOR130C"
"2713","YOR138C"
"2714","YOR147W"
"2715","YOR149C"
"2716","YOR154W"
"2717","YOR162C"
"2718","YOR163W"
"2719","YOR164C"
"2720","YOR165W"
"2721","YOR173W"
"2722","YOR178C"
"2723","YOR179C"
"2724","YOR182C"
"2725","YOR183W"
"2726","YOR187W"
"2727","YOR192C-A"
"2728","YOR192C-B"
"2729","YOR205C"
"2730","YOR208W"
"2731","YOR209C"
"2732","YOR213C"
"2733","YOR221C"
"2734","YOR222W"
"2735","YOR230W"
"2736","YOR234C"
"2737","YOR235W"
"2738","YOR236W"
"2739","YOR246C"
"2740","YOR247W"
"2741","YOR248W"
"2742","YOR253W"
"2743","YOR254C"
"2744","YOR255W"
"2745","YOR262W"
"2746","YOR264W"
"2747","YOR268C"
"2748","YOR269W"
"2749","YOR271C"
"2750","YOR273C"
"2751","YOR274W"
"2752","YOR275C"
"2753","YOR280C"
"2754","YOR282W"
"2755","YOR284W"
"2756","YOR292C"
"2757","YOR293W"
"2758","YOR298C-A"
"2759","YOR299W"
"2760","YOR300W"
"2761","YOR302W"
"2762","YOR303W"
"2763","YOR306C"
"2764","YOR307C"
"2765","YOR309C"
"2766","YOR311C"
"2767","YOR312C"
"2768","YOR313C"
"2769","YOR314W"
"2770","YOR315W"
"2771","YOR316C"
"2772","YOR317W"
"2773","YOR318C"
"2774","YOR319W"
"2775","YOR322C"
"2776","YOR336W"
"2777","YOR337W"
"2778","YOR338W"
"2779","YOR342C"
"2780","YOR343C"
"2781","YOR343C-A"
"2782","YOR343C-B"
"2783","YOR344C"
"2784","YOR355W"
"2785","YOR359W"
"2786","YOR360C"
"2787","YOR365C"
"2788","YOR367W"
"2789","YOR369C"
"2790","YOR373W"
"2791","YOR378W"
"2792","YOR381W"
"2793","YOR388C"
"2794","YOR389W"
"2795","YPL011C"
"2796","YPL014W"
"2797","YPL015C"
"2798","YPL016W"
"2799","YPL017C"
"2800","YPL018W"
"2801","YPL019C"
"2802","YPL024W"
"2803","YPL025C"
"2804","YPL032C"
"2805","YPL034W"
"2806","YPL037C"
"2807","YPL050C"
"2808","YPL056C"
"2809","YPL059W"
"2810","YPL060C-A"
"2811","YPL060W"
"2812","YPL061W"
"2813","YPL062W"
"2814","YPL079W"
"2815","YPL080C"
"2816","YPL081W"
"2817","YPL082C"
"2818","YPL090C"
"2819","YPL116W"
"2820","YPL117C"
"2821","YPL123C"
"2822","YPL124W"
"2823","YPL127C"
"2824","YPL129W"
"2825","YPL132W"
"2826","YPL133C"
"2827","YPL141C"
"2828","YPL143W"
"2829","YPL144W"
"2830","YPL145C"
"2831","YPL146C"
"2832","YPL150W"
"2833","YPL155C"
"2834","YPL156C"
"2835","YPL157W"
"2836","YPL158C"
"2837","YPL159C"
"2838","YPL163C"
"2839","YPL165C"
"2840","YPL175W"
"2841","YPL176C"
"2842","YPL180W"
"2843","YPL182C"
"2844","YPL184C"
"2845","YPL188W"
"2846","YPL198W"
"2847","YPL199C"
"2848","YPL206C"
"2849","YPL207W"
"2850","YPL226W"
"2851","YPL228W"
"2852","YPL232W"
"2853","YPL242C"
"2854","YPL249C-A"
"2855","YPL251W"
"2856","YPL253C"
"2857","YPL255W"
"2858","YPL265W"
"2859","YPL267W"
"2860","YPL270W"
"2861","YPL271W"
"2862","YPL275W"
"2863","YPL276W"
"2864","YPL277C"
"2865","YPL278C"
"2866","YPL283C"
"2867","YPR002C-A"
"2868","YPR009W"
"2869","YPR013C"
"2870","YPR014C"
"2871","YPR017C"
"2872","YPR020W"
"2873","YPR026W"
"2874","YPR030W"
"2875","YPR032W"
"2876","YPR035W"
"2877","YPR042C"
"2878","YPR043W"
"2879","YPR048W"
"2880","YPR052C"
"2881","YPR053C"
"2882","YPR056W"
"2883","YPR060C"
"2884","YPR067W"
"2885","YPR072W"
"2886","YPR074C"
"2887","YPR075C"
"2888","YPR076W"
"2889","YPR080W"
"2890","YPR083W"
"2891","YPR102C"
"2892","YPR111W"
"2893","YPR113W"
"2894","YPR115W"
"2895","YPR120C"
"2896","YPR123C"
"2897","YPR124W"
"2898","YPR125W"
"2899","YPR128C"
"2900","YPR129W"
"2901","YPR131C"
"2902","YPR132W"
"2903","YPR133C"
"2904","YPR133W-A"
"2905","YPR134W"
"2906","YPR139C"
"2907","YPR140W"
"2908","YPR145W"
"2909","YPR148C"
"2910","YPR149W"
"2911","YPR151C"
"2912","YPR158W"
"2913","YPR158W-A"
"2914","YPR158W-B"
"2915","YPR163C"
"2916","YPR164W"
"2917","YPR176C"
"2918","YPR183W"
"2919","YPR186C"
"2920","YPR194C"
"2921","YPR195C"
"2922","YPR198W"
"2923","YPR202W"
"2924","YPR203W"
